{"Appliance1": 0.9740030287733468, "Appliance2": 0.010650887573964497, "Appliance3": 0.45, "Appliance4": 0.5986602526637594, "Appliance5": 0.5080276620698022, "Appliance6": 0.6002055498458376, "Appliance7": 0.7409290501502196, "Appliance8": 0.9430379746835443, "Appliance9": 0.09547169811320755}